,City,Cloudiness,Country,Date,Humidity,Lat,Lng,MaxTemp,WindSpeed
0,castro,0,CL,1539219374,81,-42.48,-73.76,7.17,3.91
1,boyabat,20,TR,1539219374,87,41.47,34.77,5.05,1.41
2,bluff,24,AU,1539219375,29,-23.58,149.07,32.17,6.31
3,kununurra,75,AU,1539218400,45,-15.77,128.74,29,7.7
4,port hardy,40,CA,1539216000,87,50.7,-127.42,11,2.6
5,antalaha,80,MG,1539219375,96,-14.9,50.28,22.52,5.71
6,namatanai,76,PG,1539219375,93,-3.66,152.44,29.65,5.16
7,punta arenas,75,CL,1539216000,65,-53.16,-70.91,7,11.8
8,narsaq,88,GL,1539215400,63,60.91,-46.05,-2,1
9,cape town,75,ZA,1539216000,82,-33.93,18.42,17,6.2
10,torbay,90,CA,1539216000,86,47.66,-52.73,3,7.2
11,mataura,36,NZ,1539219376,99,-46.19,168.86,8.8,1.01
12,lorengau,48,PG,1539219377,97,-2.02,147.27,29.17,3.76
13,kapaa,75,US,1539215760,65,22.08,-159.32,30,4.6
14,cabo san lucas,40,MX,1539215160,57,22.89,-109.91,27,3.6
15,port elizabeth,75,US,1539215760,93,39.31,-74.98,24,3.1
16,tautira,75,PF,1539217800,62,-17.73,-149.15,30,3.6
17,killam,76,CA,1539219378,95,52.79,-111.86,-0.41,3.16
18,rikitea,32,PF,1539219378,94,-23.12,-134.97,24,6.81
19,puerto ayora,0,EC,1539219378,100,-0.74,-90.35,22.75,4.76
20,aksu,0,KZ,1539216000,100,52.04,76.93,-4,3
23,alpena,90,US,1539218880,94,45.06,-83.43,20,4.6
24,nikki,80,BJ,1539219379,99,9.94,3.21,21.07,3.31
25,vao,0,EE,1539219379,86,59.1,26.19,5.17,1.16
26,cayenne,0,GF,1539217800,100,4.94,-52.33,26,2.1
27,hithadhoo,68,MV,1539219380,100,-0.6,73.08,27.1,4.11
28,atuona,88,PF,1539219380,100,-9.8,-139.03,26.75,6.61
29,ushuaia,75,AR,1539216000,93,-54.81,-68.31,5,12.3
30,vaini,0,IN,1539219261,87,15.34,74.49,18.32,0.86
31,cabra,0,ES,1539217800,77,37.47,-4.43,19,1.01
32,hilo,75,US,1539216420,67,19.71,-155.08,27.8,4.6
33,east london,92,ZA,1539219381,100,-33.02,27.91,20.67,3.61
34,ostrovnoy,88,RU,1539219381,90,68.05,39.51,1.45,8.21
35,dikson,64,RU,1539219381,100,73.51,80.55,1.45,10.71
36,nikolskoye,0,RU,1539216000,93,59.7,30.79,4,2
37,emborion,0,GR,1539219382,85,40.48,21.55,2.07,1.06
38,awjilah,0,LY,1539219382,55,29.14,21.3,20.8,4.01
39,jamestown,0,AU,1539219383,54,-33.21,138.6,16.02,5.61
40,kruisfontein,88,ZA,1539219383,96,-34,24.73,17.92,3.21
41,dimitrovgrad,90,RU,1539216000,62,54.22,49.6,12,6
42,albany,40,US,1539215700,70,42.65,-73.75,23.9,4.1
43,nanakuli,75,US,1539216240,72,21.39,-158.15,30,5.1
44,shebalino,44,RU,1539219384,71,51.29,85.68,-5.21,1.01
45,arraial do cabo,75,BR,1539216000,94,-22.97,-42.02,23,1.5
46,togur,88,RU,1539219384,73,58.36,82.83,2.65,3.11
47,matagami,92,NG,1539219385,96,9.67,8.4,19.75,1.86
48,uvalde,1,US,1539216900,63,29.21,-99.79,26.1,1.5
49,turayf,75,SA,1539216000,82,31.68,38.65,18,3.1
51,lebu,0,ET,1539219386,61,8.96,38.73,6.67,1.86
52,taoudenni,44,ML,1539219386,37,22.68,-3.98,25.92,3.31
53,avarua,75,CK,1539216000,65,-21.21,-159.78,25,4.6
54,busselton,48,AU,1539219386,93,-33.64,115.35,18.1,5.26
55,horsham,0,AU,1539219386,81,-36.71,142.2,13.67,5.16
56,bethel,90,US,1539216960,100,60.79,-161.76,6.1,3.6
57,clyde river,90,CA,1539218580,100,70.47,-68.59,-4,7.7
58,belmonte,92,PT,1539219388,93,40.36,-7.35,14.82,3.41
59,kilindoni,76,TZ,1539219388,100,-7.91,39.67,25.67,2.81
60,souillac,0,FR,1539217800,88,45.6,-0.6,17,5.1
61,bredasdorp,92,ZA,1539216000,88,-34.53,20.04,17,1.5
62,cabanas,92,ES,1539217800,87,43.42,-8.16,16,11.3
63,opuwo,92,NA,1539219389,29,-18.06,13.84,20.2,1.61
64,butaritari,0,KI,1539219261,100,3.07,172.79,28.92,3.86
65,touros,8,BR,1539219389,85,-5.2,-35.46,25.25,7.01
66,havre-saint-pierre,90,CA,1539216000,44,50.23,-63.6,4,5.1
67,kodiak,90,US,1539215580,70,39.95,-94.76,8.9,7.2
68,aubel,0,BE,1539217500,77,50.7,5.86,17,3.1
69,hermanus,92,ZA,1539219390,100,-34.42,19.24,13.45,1.16
70,georgetown,0,GY,1539216000,88,6.8,-58.16,25,2.1
71,cherskiy,48,RU,1539219391,100,68.75,161.3,-3.71,0.81
72,champerico,90,MX,1539214860,65,16.38,-93.6,26,4.6
73,honningsvag,80,NO,1539219221,92,70.98,25.97,4.75,6.91
74,outjo,92,NA,1539216000,16,-20.11,16.16,23,0.96
75,thinadhoo,56,MV,1539219392,100,0.53,72.93,28.27,5.16
76,kavaratti,68,IN,1539219392,100,10.57,72.64,27.2,5.86
77,hami,0,CN,1539219392,45,42.84,93.51,2.7,3.46
78,ahipara,92,NZ,1539219392,83,-35.17,173.16,17.8,6.51
79,tuktoyaktuk,90,CA,1539217800,92,69.44,-133.03,-2,3.6
80,sur,0,OM,1539219393,97,22.57,59.53,27.5,3.46
81,farah,0,AF,1539219393,77,32.37,62.11,3.3,1.16
82,nyagan,88,RU,1539219393,98,62.14,65.43,0.95,3.01
83,bambous virieux,40,MU,1539216000,64,-20.34,57.76,22,6.7
84,panguna,20,PG,1539219394,85,-6.32,155.48,28.52,0.46
85,mehamn,92,NO,1539219394,90,71.03,27.85,4.15,7.06
86,lavrentiya,36,RU,1539219394,98,65.58,-170.99,5.92,12.11
87,el sauzal,0,AR,1539216000,67,-24.3,-64.96,17,5.1
88,saint-philippe,90,CA,1539218100,93,45.36,-73.48,12,6.7
89,hirara,75,JP,1539216000,78,24.8,125.28,27,6.2
90,luwuk,24,ID,1539219395,100,-0.95,122.79,25.4,1.46
91,hornepayne,92,CA,1539219395,100,49.22,-84.78,1.07,5.46
92,gat,0,SN,1539219396,72,14.69,-16.54,26.92,4.61
93,aswan,0,EG,1539219110,45,24.09,32.9,23.02,4.56
94,provideniya,90,RU,1539216000,81,64.42,-173.23,6,9
95,hobart,75,AU,1539217800,50,-42.88,147.33,11,4.1
96,esperance,40,TT,1539216000,83,10.24,-61.45,27,2.1
97,brasilia,40,BR,1539216000,69,-10.9,-37.55,26,7.7
98,ossora,64,RU,1539219397,99,59.24,163.07,5.82,6.86
99,barrow,0,AR,1539219397,55,-38.31,-60.23,8.42,3.66
100,aguimes,40,ES,1539217800,78,27.91,-15.45,23,1.5
101,bambari,20,CF,1539219397,92,5.77,20.68,19.27,1.31
102,ilulissat,24,GL,1539215400,45,69.22,-51.1,-5,2.1
103,te anau,56,NZ,1539219398,97,-45.41,167.72,4.3,1.51
104,villarrica,0,CL,1539219398,48,-39.28,-72.23,7.77,2.31
105,palana,92,RU,1539219398,100,59.08,159.95,3.52,3.11
106,tignere,44,CM,1539219399,89,7.37,12.65,16.17,1.16
107,sao joao da barra,100,BR,1539219399,92,-21.64,-41.05,25.05,13.76
108,mar del plata,0,AR,1539219399,54,-46.43,-67.52,8.57,2.41
109,jaicos,100,BR,1539219399,27,-7.36,-41.14,32.7,3.76
111,komsomolskiy,76,RU,1539219400,93,67.55,63.78,-0.76,1.31
112,broome,0,GB,1539217200,87,52.47,1.45,16,4.1
113,boa vista,0,BR,1539219600,52,2.82,-60.67,31,3.6
114,yatou,75,CM,1539216000,100,3.63,9.81,24,3.96
115,yar-sale,92,RU,1539219401,100,66.83,70.83,1.17,5.76
116,fatehpur,0,PK,1539219402,91,31.18,71.21,15.52,1.16
117,tasiilaq,0,GL,1539215400,58,65.61,-37.64,-2,2.1
118,pingliang,64,CN,1539219402,54,35.54,106.68,2.27,1.06
119,matamba,20,CD,1539219402,92,-5.95,22.27,21.07,1.06
120,yellowknife,75,CA,1539216000,69,62.45,-114.38,1,1.5
121,bundaberg,0,AU,1539219222,92,-24.87,152.35,23.5,6.71
122,avera,75,US,1539218100,92,33.19,-82.53,27.8,4.6
123,ustyuzhna,0,RU,1539219403,87,58.84,36.43,4.52,4.01
124,new norfolk,75,AU,1539217800,50,-42.78,147.06,11,4.1
125,sambava,92,MG,1539219403,100,-14.27,50.17,23.95,9.01
126,cidreira,92,BR,1539219403,72,-30.17,-50.22,18.35,4.76
128,sovetskiy,44,RU,1539219404,89,56.76,48.47,6.52,8.11
129,corpus christi,1,US,1539216900,62,27.8,-97.4,28.3,3.6
130,chenghai,20,CN,1539216000,88,23.46,116.77,21,7.51
131,westport,0,IE,1539219404,77,53.8,-9.52,15.1,10.61
132,muros,75,ES,1539217800,100,42.77,-9.06,14,7.2
133,bathsheba,20,BB,1539216000,83,13.22,-59.52,27,6.7
134,qaanaaq,80,GL,1539219405,100,77.48,-69.36,-7.68,1.86
135,chokurdakh,32,RU,1539219406,86,70.62,147.9,-3.83,3.46
136,sabancuy,20,MX,1539219406,91,18.97,-91.18,30.2,5.11
138,longyearbyen,75,NO,1539215400,73,78.22,15.63,-6,2.1
140,kutum,0,SD,1539219407,32,14.2,24.66,21.35,4.91
141,isangel,0,VU,1539219407,98,-19.55,169.27,24.55,5.11
142,richards bay,0,ZA,1539219407,71,-28.77,32.06,22.02,5.71
143,padang,80,ID,1539219407,100,-0.92,100.36,26.32,0.76
144,lerwick,0,GB,1539217200,93,60.15,-1.15,13,12.3
145,upernavik,64,GL,1539219408,100,72.79,-56.15,-1.86,4.96
147,sao filipe,44,CV,1539219408,98,14.9,-24.5,26.42,5.11
148,kurumkan,36,RU,1539219408,76,54.33,110.32,-6.58,0.41
149,ouadda,48,CF,1539219409,99,8.07,22.4,19.1,1.36
151,tiznit,92,MA,1539219409,100,29.7,-9.73,19.6,1.41
152,brae,0,GB,1539217200,93,60.4,-1.35,13,12.3
153,chuy,8,UY,1539219190,75,-33.69,-53.46,12.32,7.11
154,port alfred,80,ZA,1539219409,100,-33.59,26.89,18.57,3.56
155,sherbakul,56,RU,1539219410,70,54.63,72.39,3.5,4.86
156,canchungo,20,GW,1539216000,94,12.07,-16.03,27,1
157,huancabamba,48,PE,1539219410,49,-5.24,-79.45,19.07,0.41
158,velizh,80,RU,1539219410,95,55.61,31.2,9.9,3.11
159,salalah,0,OM,1539215400,51,17.01,54.1,30,4.6
160,quesnel,90,CA,1539216000,60,52.98,-122.49,5,3.1
161,dunedin,80,NZ,1539219411,95,-45.87,170.5,6.85,1.86
162,pesnica pri mariboru,0,SI,1539217800,93,46.61,15.68,9,0.5
163,nouakchott,44,MR,1539219375,98,18.08,-15.98,27.77,9.06
165,quelimane,0,MZ,1539216000,88,-17.88,36.89,23,1.31
166,trelew,0,AR,1539219412,55,-43.25,-65.31,6.82,0.76
168,zarubino,12,RU,1539219413,100,42.65,131.06,8.4,6.46
169,saint george,20,GR,1539217200,81,39.45,22.34,12,1.5
170,kulhudhuffushi,68,MV,1539219413,100,6.62,73.07,27.8,6.16
171,baghdad,20,IQ,1539216000,44,33.3,44.38,24,3.6
173,katobu,8,ID,1539219414,94,-4.94,122.53,27.27,1.66
174,yhu,92,PY,1539219414,96,-25.05,-55.92,20.5,5.46
175,vila praia de ancora,75,PT,1539217800,100,41.81,-8.85,19,6.2
176,comodoro rivadavia,0,AR,1539216000,53,-45.87,-67.48,10,2.86
177,sinnamary,24,GF,1539219415,97,5.38,-52.96,27.17,5.81
178,pavelets,24,RU,1539219415,94,53.79,39.25,8.52,4.76
179,ahuimanu,75,US,1539216240,74,21.44,-157.84,30,2.6
180,bocas del toro,20,PA,1539219415,100,9.33,-82.25,28,2.06
181,nuuk,20,GL,1539215400,79,64.17,-51.74,-4,3.6
182,corinto,92,BR,1539219416,44,-18.36,-44.46,27.57,2.11
183,muli,12,IN,1539219416,46,22.62,71.45,24.55,4.31
184,lhokseumawe,92,ID,1539219416,100,5.18,97.15,24.02,1.51
185,banda aceh,88,ID,1539219417,100,5.56,95.32,23.27,0.51
186,norman wells,75,CA,1539216000,93,65.28,-126.83,2,2.1
187,kamarai,0,GR,1539217200,63,38.3,22,17,2.1
188,pimentel,8,BR,1539219417,75,-3.7,-45.5,27.3,2.31
189,abha,0,SA,1539216000,68,18.22,42.5,17,1.06
190,fayaoue,32,NC,1539219418,99,-20.65,166.53,24.52,4.81
191,altay,48,CN,1539219418,61,47.83,88.13,-2.76,1.06
195,paamiut,8,GL,1539219418,100,61.99,-49.67,0.32,5.61
196,gondar,75,PT,1539217800,100,41.82,-8.78,19,6.2
197,mezen,92,RU,1539219419,79,65.85,44.24,4.8,4.81
198,airai,0,TL,1539219419,44,-8.93,125.41,25.02,1.01
199,svetlogorsk,75,RU,1539216000,37,53.14,59.15,11,9
200,khudumelapye,24,BW,1539219420,65,-23.91,24.95,16.32,1.31
202,ugoofaaru,88,MV,1539219420,100,5.67,73,28.27,6.66
203,llanes,88,ES,1539219420,63,43.42,-4.75,14.4,2.91
204,minna,92,NG,1539219420,98,9.62,6.55,21.82,4.01
206,lagoa,75,PT,1539217800,88,37.14,-8.45,22,4.6
207,jinchang,24,CN,1539219422,73,38.52,102.19,-3.68,0.81
209,labuhan,48,ID,1539219422,92,-2.54,115.51,25,0.71
210,dukat,0,RS,1539219422,84,42.44,22.31,4.85,0.76
211,vanimo,8,PG,1539219422,100,-2.67,141.3,27.95,4.81
212,fortuna,0,ES,1539217800,88,38.18,-1.13,19,1
213,constitucion,40,MX,1539215220,23,23.99,-104.67,24,4.6
214,neuquen,0,AR,1539216000,32,-38.95,-68.06,13,2.1
215,palmas bellas,40,PA,1539216000,88,9.23,-80.09,25,1.5
216,maceio,0,BR,1539216000,88,-9.67,-35.74,22,3.6
217,langres,76,FR,1539217800,93,47.87,5.33,13,1
218,san francisco del mar,92,MX,1539219424,100,16.34,-94.51,25.27,6.66
219,hofn,92,IS,1539219424,100,64.25,-15.21,6,5.81
220,palmer,90,US,1539216600,82,61.6,-149.11,10,9.3
221,grong,12,NO,1539219424,96,64.47,12.32,4.05,1.31
222,atambua,0,ID,1539219425,100,-9.11,124.89,24.9,2.96
223,grindavik,75,IS,1539216000,93,63.84,-22.43,4,2.6
224,juneau,90,US,1539217440,88,58.3,-134.42,6.1,6.2
225,victoria,75,BN,1539217800,74,5.28,115.24,31,2.1
226,rocha,8,UY,1539219426,57,-34.48,-54.34,9.9,4.21
227,ponta delgada,40,PT,1539217800,68,37.73,-25.67,19,6.2
228,bocana de paiwas,0,NI,1539219426,73,12.79,-85.12,26.9,2.96
229,lithakia,0,GR,1539213600,71,37.72,20.83,14,3.41
230,warri,92,NG,1539219427,98,5.52,5.75,22.92,1.61
231,qesarya,20,IL,1539217200,68,32.52,34.9,22,1
233,khatanga,68,RU,1539219427,86,71.98,102.47,-2.41,2.11
234,koster,76,ZA,1539219428,30,-25.86,26.9,19.52,1.66
235,vestmannaeyjar,48,IS,1539219428,100,63.44,-20.27,4.5,5.36
236,khonsa,44,IN,1539219428,95,26.99,95.51,18.05,1.21
237,honiara,40,SB,1539216000,70,-9.43,159.96,31,4.6
238,faanui,8,PF,1539219428,100,-16.48,-151.75,27.17,4.21
239,praia da vitoria,20,PT,1539216000,67,38.73,-27.07,17,10.16
240,pevek,0,RU,1539219429,100,69.7,170.27,2.52,4.36
241,laguna,20,MX,1539214980,37,27.52,-110.01,30,4.6
242,west wendover,90,US,1539215760,54,40.74,-114.07,10.6,1.5
243,badou,20,TG,1539219430,96,7.58,0.61,21.92,1.86
244,sosnogorsk,88,RU,1539219430,94,63.59,53.93,3.27,3.96
245,valparaiso,75,US,1539218700,94,41.47,-87.06,20.6,6.2
246,sechura,0,PE,1539219430,81,-5.56,-80.82,19.27,4.26
248,ribeira grande,68,PT,1539219431,100,38.52,-28.7,20.85,10.51
249,pierre,90,US,1539215580,16,44.37,-100.35,1.1,6.7
250,grahamstown,92,ZA,1539219431,94,-33.31,26.53,16.82,2.21
251,lake city,75,US,1539218100,56,38.03,-107.32,5,1.76
252,tucuman,0,PE,1539219432,62,-17.17,-70.89,14.9,1.16
253,shakiso,92,ET,1539219432,100,5.77,38.9,14.6,1.16
254,thunder bay,20,CA,1539216000,93,48.41,-89.26,3,6.7
255,saldanha,76,PT,1539219432,76,41.42,-6.55,15.55,4.61
257,fairbanks,75,US,1539215880,10,64.84,-147.72,9.2,3.6
258,lazaro cardenas,5,MX,1539214800,29,28.39,-105.62,25,49.4
259,aklavik,75,CA,1539218280,95,68.22,-135.01,0,2.1
261,ilhabela,92,BR,1539219092,100,-23.78,-45.36,22.2,2.06
263,kishtwar,88,IN,1539219433,64,33.31,75.77,1.35,0.76
264,petropavlovsk-kamchatskiy,0,RU,1539216000,24,53.05,158.65,13,7
265,saint-augustin,0,FR,1539217800,100,44.83,-0.61,15,3.6
266,talnakh,32,RU,1539219434,100,69.49,88.39,-6.58,1.66
267,mali,92,CN,1539219434,99,27.53,102.2,6.25,0.61
268,pangnirtung,36,CA,1539219435,94,66.15,-65.72,-5.93,6.46
269,mitu,64,IR,1539219435,70,36.2,46.09,9.25,0.81
270,awbari,44,LY,1539219435,30,26.59,12.77,24.5,4.86
271,gornopravdinsk,92,RU,1539219435,85,60.06,69.92,4.27,5.01
272,bonnyville,40,CA,1539216000,47,54.27,-110.74,3,1
273,vagur,0,FO,1539219436,85,61.47,-6.81,11.7,9.26
274,okha,44,RU,1539219436,99,53.59,142.95,6.05,3.91
275,saint anthony,90,US,1539218040,93,43.97,-111.68,5.6,1.5
276,port alberni,20,CA,1539216000,76,49.24,-124.81,13,1.5
277,mahebourg,40,MU,1539216000,64,-20.41,57.7,22,6.7
278,ketchikan,20,US,1539215760,71,55.34,-131.65,11.1,5.1
279,balkhash,8,KZ,1539219437,100,46.84,74.98,5.85,2.11
280,tilichiki,24,RU,1539219437,86,60.47,166.1,6.1,4.86
281,deputatskiy,8,RU,1539219437,65,69.3,139.9,-16.68,1.16
282,mysliborz,0,PL,1539219337,80,52.92,14.87,13.1,5.41
283,katsuura,75,JP,1539216780,100,33.93,134.5,18,2.6
284,carman,92,CA,1539216900,100,49.51,-98,0,7.2
285,guiratinga,76,BR,1539219438,96,-16.35,-53.76,21.42,1.16
286,kadyy,0,RU,1539219438,95,57.79,43.19,5.5,7.56
287,namibe,0,AO,1539219438,100,-15.19,12.15,19.9,1.51
288,namtsy,92,RU,1539219438,87,62.72,129.66,-3.21,1.61
289,lompoc,1,US,1539218100,63,34.64,-120.46,19.4,4.6
290,leningradskiy,88,RU,1539219439,95,69.38,178.42,2.42,6.01
291,ponta do sol,92,BR,1539219439,91,-20.63,-46,20.27,2.86
292,parrita,40,CR,1539216000,94,9.52,-84.33,22,1.5
293,kavieng,92,PG,1539219440,97,-2.57,150.8,30.05,5.66
294,piacabucu,92,BR,1539219440,77,-10.41,-36.43,24.8,5.91
295,nishihara,90,JP,1539216840,94,35.74,139.53,21,2.6
296,beidao,36,CN,1539219440,78,34.57,105.89,5.02,1.51
298,port-cartier,90,CA,1539216000,64,50.03,-66.88,2,1
300,choya,36,RU,1539219441,77,52.01,86.55,2.25,1.16
301,san policarpo,20,PH,1539219441,94,12.18,125.51,28.07,2.91
302,xichang,92,CN,1539219442,99,27.88,102.25,6.25,0.61
303,garowe,48,SO,1539219442,46,8.41,48.48,26.75,1.96
304,santana,20,BR,1539219600,74,-0.06,-51.18,28,5.1
305,luderitz,8,NA,1539216000,93,-26.65,15.16,13,4.1
306,erenhot,0,CN,1539219443,69,43.65,111.97,-4.08,1.76
307,umm lajj,88,SA,1539219443,95,25.02,37.27,25.95,2.51
308,buala,100,SB,1539219443,79,-8.15,159.59,30.25,3.41
309,la ligua,90,CL,1539216000,87,-32.45,-71.23,11,3.6
310,luba,8,PH,1539219444,91,17.32,120.7,23.3,1.66
311,duvan,92,RU,1539219444,100,55.69,57.9,7.1,6.06
313,nome,1,US,1539216900,77,30.04,-94.42,25.6,3.6
314,durban,0,FR,1539217800,93,43.54,0.58,18,3.1
315,freeport,24,BS,1539219445,94,26.54,-78.7,28.95,4.46
316,waipawa,44,NZ,1539219445,46,-39.94,176.59,19.15,1.86
317,xining,68,CN,1539219445,69,36.62,101.77,-4.11,0.86
318,tuatapere,36,NZ,1539219445,100,-46.13,167.69,6.57,1.31
319,khani,40,GE,1539216000,100,41.96,42.96,15,2.6
320,seoul,40,KR,1539217800,40,37.57,126.98,11,5.7
322,green river,90,US,1539215640,19,41.53,-109.47,0,3.6
323,gboko,76,NG,1539219447,94,7.32,9,22.9,2.76
324,pacifica,1,US,1539218100,56,37.61,-122.49,22,4.1
325,vestmanna,32,FO,1539217200,82,62.16,-7.17,13,6.7
326,udachnyy,68,RU,1539219448,86,66.42,112.4,-3.08,1.76
328,kuala terengganu,75,MY,1539216000,100,5.33,103.14,24,2.6
329,riyadh,0,SA,1539216000,23,24.63,46.72,24,1.51
330,estacion coahuila,1,MX,1539215820,35,32.19,-115,29,6.7
331,nybro,90,SE,1539217200,100,56.75,15.91,6,1.41
332,hokota,75,JP,1539216000,100,36.26,140.53,22,6.2
334,tiksi,92,RU,1539219449,94,71.64,128.87,-0.68,3.41
335,nanaimo,20,CA,1539216000,71,49.17,-123.94,15,3.6
336,alugan,20,PH,1539219450,94,12.22,125.48,28.07,2.91
337,chor,0,PK,1539219450,44,25.52,69.77,21.05,1.31
338,shingu,75,JP,1539216000,83,33.72,135.99,21,3.6
339,saskylakh,80,RU,1539219450,91,71.97,114.09,-2.73,2.11
340,klaksvik,24,FO,1539217200,82,62.23,-6.59,13,6.7
342,mecca,0,SA,1539219451,51,21.43,39.83,19.25,1.26
343,the valley,75,AI,1539216000,78,18.22,-63.06,27,4.1
344,araguaina,0,BR,1539219451,73,-7.19,-48.21,25.27,1.41
345,port lincoln,0,AU,1539219451,85,-34.72,135.86,15.82,5.56
346,bahia blanca,0,AR,1539219285,60,-38.72,-62.27,11.92,4.71
347,shimanovsk,0,RU,1539219452,58,52,127.67,2.8,2.31
348,hauterive,0,FR,1539217800,68,46.09,3.45,18,8.2
349,isiro,92,CD,1539219452,99,2.77,27.62,19.1,1.06
350,cockburn town,44,TC,1539219452,98,21.46,-71.14,28.45,7.16
351,gillette,90,US,1539215580,17,44.29,-105.5,0.6,2.1
352,vallenar,88,CL,1539219453,72,-28.58,-70.76,14.27,0.96
353,dingle,48,PH,1539219453,95,11,122.67,26.02,3.71
355,mandalgovi,0,MN,1539219453,81,45.76,106.27,-4.18,1.86
356,ishinomaki,75,JP,1539216000,88,38.42,141.3,18,3.6
357,alta gracia,75,AR,1539216000,27,-31.66,-64.43,18,2.6
359,port hedland,0,AU,1539217800,54,-20.31,118.58,29,3.6
361,huarmey,8,PE,1539219454,66,-10.07,-78.15,17.05,1.56
362,rio brilhante,44,BR,1539219454,93,-21.8,-54.54,24.07,1.76
363,norfolk,1,US,1539219240,79,36.85,-76.29,26.7,2.6
364,hasaki,75,JP,1539216000,94,35.73,140.83,22,3.6
365,baherden,0,TM,1539219455,94,38.44,57.43,5.32,1.06
367,san vicente,40,SV,1539219000,94,13.64,-88.78,26,1.5
368,sao desiderio,0,BR,1539219456,25,-12.36,-44.97,28.85,5.11
369,palmerston,90,CA,1539216300,88,43.83,-80.85,21,3.6
370,sobradinho,92,BR,1539219457,69,-29.41,-53.03,16.67,5.36
371,severo-kurilsk,8,RU,1539219457,87,50.68,156.12,9.15,4.81
372,athol,75,US,1539217260,96,42.6,-72.23,22.6,2.6
373,meitingen,0,DE,1539217200,100,48.55,10.85,10,0.5
374,dawson creek,90,CA,1539216000,64,55.76,-120.23,1,1.5
375,giyon,0,ET,1539219458,66,8.53,37.98,11.8,1.31
376,nemuro,75,JP,1539216000,87,43.32,145.57,12,0.5
379,zaraza,20,VE,1539219459,80,9.35,-65.33,26.7,4.46
380,ust-kuyga,76,RU,1539219459,75,70,135.55,-7.73,2.51
381,la rioja,0,AR,1539219459,35,-29.41,-66.86,19.32,4.76
382,anadyr,90,RU,1539216000,93,64.73,177.51,4,9
383,kalmunai,44,LK,1539219459,99,7.42,81.82,22.15,1.91
385,hambantota,92,LK,1539219460,100,6.12,81.12,25.25,4.91
386,tyukhtet,76,RU,1539219460,68,56.54,89.31,4.17,4.56
388,bilma,0,NE,1539219460,29,18.69,12.92,22.05,1.56
389,waingapu,0,ID,1539219460,72,-9.65,120.26,26.42,2.51
390,berlevag,92,NO,1539219461,100,70.86,29.09,3.75,6.91
391,camacari,20,BR,1539219600,74,-12.7,-38.32,26,7.2
392,sept-iles,90,CA,1539216000,64,50.2,-66.38,2,1
393,ust-tsilma,48,RU,1539219461,90,65.44,52.15,3.75,3.96
394,port macquarie,75,AU,1539216000,82,-31.43,152.91,15,2.1
395,hue,75,VN,1539217800,100,16.47,107.58,23,4.1
397,illapel,92,CL,1539219462,82,-31.63,-71.17,11.9,1.21
398,vila velha,20,BR,1539216000,74,-3.71,-38.6,27,4.6
399,mikasa,75,JP,1539217080,82,43.25,141.9,17,8.2
400,tazovskiy,92,RU,1539219463,89,67.47,78.7,-1.08,6.86
401,lyuban,0,BY,1539219463,80,52.8,28,4.82,1.31
402,nalut,20,LY,1539219463,55,31.86,10.98,18.67,3.51
403,rundu,0,NA,1539219464,26,-17.91,19.77,15.67,2.66
404,manavalakurichi,75,IN,1539216000,88,8.13,77.3,26,2.6
405,bandarbeyla,12,SO,1539219464,95,9.49,50.81,24.65,5.56
406,seydi,36,NE,1539219464,80,13.34,7.75,22.42,1.26
407,santa isabel,90,CO,1539216000,100,4.71,-75.1,23,1.21
408,campina verde,32,BR,1539219465,90,-19.54,-49.49,23.77,2.16
409,morant bay,20,JM,1539216000,88,17.88,-76.41,26,4.6
410,chimore,92,BO,1539219466,97,-16.98,-65.13,22.4,1.61
411,la macarena,80,CO,1539219466,82,2.18,-73.79,24.82,0.86
412,kango,92,GA,1539219466,99,0.19,10.1,22.6,1.16
413,thompson,20,CA,1539216000,54,55.74,-97.86,-2,1
414,erdenet,0,MN,1539219467,66,49.03,104.04,-6.91,1.16
415,markivka,0,UA,1539219467,81,49.52,39.57,4.55,2.31
416,nouadhibou,20,MR,1539216000,88,20.93,-17.03,22,6.2
417,tura,80,IN,1539219468,96,25.52,90.21,21.02,1.16
418,najran,0,SA,1539216000,29,17.54,44.22,19,0.96
419,ilebo,56,CD,1539219468,94,-4.33,20.59,22.5,0.96
420,zhuji,0,CN,1539216000,55,29.72,120.23,17,3
422,kahramanmaras,40,TR,1539215400,88,37.58,36.93,17,2.6
423,kloulklubed,75,PW,1539219000,70,7.04,134.26,31,2.6
424,saint-leu,0,RE,1539217800,56,-21.15,55.28,22,11.8
425,xai-xai,0,MZ,1539219469,96,-25.04,33.64,22.17,5.36
426,conceicao da barra,20,BR,1539219469,90,-18.59,-39.73,25.27,7.06
427,la ronge,5,CA,1539216000,86,55.1,-105.3,0,2.1
428,los llanos de aridane,64,ES,1539217800,73,28.66,-17.92,23,2.6
429,baykit,76,RU,1539219470,96,61.68,96.39,1.3,3.41
430,carnarvon,8,ZA,1539219470,31,-30.97,22.13,13.52,2.06
431,ararangua,92,BR,1539219470,91,-28.93,-49.49,19.75,5.41
432,bukachacha,12,RU,1539219471,79,52.99,116.91,-2.33,1.06
433,isugod,32,PH,1539219471,100,9.34,118.12,28.57,3.01
434,isfana,20,KG,1539216000,87,39.84,69.53,7,1
435,atar,0,MR,1539219472,30,20.52,-13.05,27.5,3.01
436,urucara,12,BR,1539219472,40,-2.54,-57.76,31.65,2.31
437,kieta,0,PG,1539219472,93,-6.22,155.63,28.5,1.41
438,egvekinot,80,RU,1539219472,87,66.32,-179.17,2.7,5.01
440,whitehorse,90,CA,1539217380,74,60.72,-135.06,1,11.3
441,puttur,40,IN,1539217800,94,12.76,75.2,25,1.76
442,kahului,40,US,1539215760,65,20.89,-156.47,30,6.2
443,turukhansk,48,RU,1539219473,98,65.8,87.96,-0.91,4.51
444,tabuk,20,PH,1539219473,93,17.41,121.44,21.17,0.76
445,vinh,100,VN,1539219474,99,18.67,105.69,19.4,4.76
446,tucupita,48,VE,1539219474,75,9.06,-62.05,28.1,3.46
447,kaitangata,80,NZ,1539219474,89,-46.28,169.85,8.65,2.46
448,sola,0,FI,1539217200,100,62.78,29.36,4,2.1
450,mushie,92,CD,1539219474,100,-3.02,16.92,21.2,1.26
451,iqaluit,75,CA,1539218280,85,63.75,-68.52,-6,4.1
452,sutton coldfield,32,GB,1539217200,87,52.56,-1.82,15,4.1
453,raymondville,90,US,1539215760,72,37.34,-91.83,15,3.6
454,bunia,48,CD,1539219476,96,1.56,30.25,16.92,1.36
455,salinas,1,US,1539218100,63,36.67,-121.66,17.8,6.7
456,agadez,76,NE,1539219476,19,16.97,7.99,26.65,2.96
457,kirakira,80,SB,1539219476,100,-10.46,161.92,27.85,5.26
458,yumen,0,CN,1539219476,69,40.29,97.04,-1.83,2.21
459,nha trang,92,VN,1539219477,100,12.24,109.19,24.52,5.61
460,byron bay,90,AU,1539217980,68,-28.65,153.62,22,7.7
461,danilovka,0,RU,1539219477,86,50.35,44.12,6.1,3.71
462,the pas,90,CA,1539216000,68,53.82,-101.24,-2,1.5
464,mwinilunga,0,ZM,1539219477,72,-11.73,24.43,16.17,1.21
465,henderson,1,US,1539216900,20,36.04,-114.98,25.6,7.7
466,esil,0,KZ,1539219478,59,51.96,66.41,7,5.71
467,mozhaysk,88,RU,1539219478,93,55.5,36.03,10.15,4.61
468,minnedosa,90,CA,1539216000,68,50.25,-99.84,-1,6.2
469,roma,0,IT,1539217200,88,41.89,12.48,19,2.1
470,nanortalik,68,GL,1539219479,100,60.14,-45.24,-0.46,2.06
471,wanaka,80,NZ,1539219479,91,-44.7,169.14,5.15,1.11
472,kanata,90,CA,1539218460,93,45.32,-75.9,12,6.7
473,colares,75,PT,1539217800,77,38.8,-9.45,20,6.2
474,merauke,20,ID,1539219302,76,-8.49,140.4,28.45,5.71
476,maniwaki,92,CA,1539219480,99,46.38,-75.98,11.77,2.71
477,ndioum,0,SN,1539219480,33,16.51,-14.65,26.95,1.31
478,becerril,92,CO,1539219480,88,9.7,-73.28,22.2,0.71
479,newport,92,GB,1539217200,93,51.59,-3,16,3.1
480,ulaangom,0,MN,1539219481,79,49.98,92.07,-4.56,1.86
481,champasak,40,LA,1539216000,83,14.89,105.88,25,1
482,lata,0,IN,1539219482,79,30.78,78.62,6.65,1.21
483,vostok,48,RU,1539219482,96,46.45,135.83,5.27,1.31
485,sao felix do xingu,20,BR,1539219482,87,-6.64,-51.99,25.1,0.61
486,sherman,1,US,1539216900,71,33.64,-96.61,20,1.5
487,ivrea,90,IT,1539217200,93,45.47,7.87,18,3.1
488,faya,0,SA,1539216000,70,18.39,42.45,17,1.51
489,seguin,1,US,1539215760,66,29.57,-97.96,25.6,2.6
490,sfantu gheorghe,0,RO,1539217800,87,44.65,26.83,10,2.1
491,meulaboh,80,ID,1539219483,100,4.14,96.13,24.02,2.36
492,weihai,56,CN,1539219484,100,37.5,122.11,16,7.76
493,copiapo,75,CL,1539216000,76,-27.37,-70.33,14,3.1
494,mayna,92,RU,1539219484,97,53,91.49,4.2,1.66
495,hobyo,0,SO,1539219484,87,5.35,48.53,24.77,7.56
496,uray,92,RU,1539219485,97,60.13,64.8,2.75,4.51
497,makakilo city,90,US,1539216240,60,21.35,-158.09,30,3.1
498,guerrero negro,0,MX,1539219485,71,27.97,-114.04,21.85,3.91
499,srandakan,0,ID,1539219485,83,-7.94,110.25,23.9,1.61
500,kungurtug,20,RU,1539219485,66,50.6,97.53,-8.01,1.11
501,urengoy,88,RU,1539219486,92,65.96,78.37,-0.26,6.66
502,lircay,92,PE,1539219486,89,-12.99,-74.72,1.8,1.21
503,bud,8,NO,1539217200,93,62.91,6.91,10,3.1
504,palora,44,EC,1539219486,96,-1.7,-77.97,17.95,1.21
505,san francisco,1,US,1539218100,56,37.78,-122.42,21.7,4.1
506,pekan,75,MY,1539216000,100,3.49,103.39,23,1
507,skibbereen,75,IE,1539217800,93,51.55,-9.27,14,10.8
508,portland,20,US,1539215760,40,45.52,-122.67,20,1.21
509,weymouth,1,US,1539218460,88,42.22,-70.94,25,3.1
510,lebedinyy,92,RU,1539219489,76,58.52,125.52,-0.56,1.41
511,pallisa,88,UG,1539219489,100,1.17,33.71,18.8,1.41
512,pitsunda,40,GE,1539216000,93,43.16,40.34,16,4
513,luganville,80,VU,1539219489,100,-15.51,167.18,26.27,5.56
515,tezu,0,IN,1539219490,70,27.93,96.16,15.67,0.76
516,cowra,32,AU,1539219490,72,-33.84,148.69,14.42,5.91
517,terrak,88,NO,1539217200,100,65.09,12.37,11,7.7
518,hastings,36,NZ,1539219490,77,-39.64,176.84,16.9,2.01
519,acapulco,75,MX,1539215160,79,16.86,-99.88,29,1
520,manggar,12,ID,1539219491,88,-2.88,108.27,28.02,2.06
521,kirove,0,UA,1539219491,84,47.83,38.01,8.4,2.36
523,kamenka,8,RU,1539219492,81,53.19,44.05,7.75,5.06
525,kangaatsiaq,8,GL,1539219492,100,68.31,-53.46,-2.71,2.06
526,lugovoy,88,RU,1539219492,100,59.72,65.88,3.05,5.36
527,mbandaka,92,CD,1539219492,100,0.05,18.26,20.95,0.96
528,samdari,0,IN,1539219493,53,25.81,72.58,19.65,1.21
529,pochutla,90,MX,1539215100,94,15.74,-96.47,26,2.41
530,lawton,1,US,1539216900,62,34.61,-98.39,17.8,1.5
531,sobolevo,56,RU,1539219493,90,54.43,31.9,6.35,1.46
532,codrington,92,AU,1539219493,100,-28.95,153.24,16.55,2.31
533,saint-pierre,0,FR,1539217800,72,48.95,4.24,17,6.2
534,wewak,32,PG,1539219494,74,-3.55,143.63,29.4,1.21
536,adeje,92,NG,1539219494,98,5.68,5.76,22.92,1.61
538,bosaso,24,SO,1539219494,92,11.28,49.18,29.3,2.31
539,junin,40,PE,1539216000,28,-16.45,-71.58,14,4.1
540,paita,0,PE,1539219495,71,-5.09,-81.11,19.77,3.31
541,baruun-urt,0,MN,1539219495,67,46.68,113.28,-2.61,1.71
542,mount pleasant,1,US,1539216900,66,33.16,-94.97,19.4,3.6
543,oranjemund,92,ZA,1539219496,94,-28.55,16.43,14.9,3.16
544,garissa,0,KE,1539219496,79,-0.46,39.64,22.55,4.86
545,ayna,20,ES,1539217260,100,38.55,-2.07,14,2.1
546,bonthe,76,SL,1539219496,94,7.53,-12.5,25.57,1.11
548,camacha,20,PT,1539217800,83,33.08,-16.33,23,2.1
549,granada,20,NI,1539216000,74,11.93,-85.96,28,5.1
550,pregradnaya,0,RU,1539219497,84,43.95,41.19,4.3,1.21
551,quang ngai,100,VN,1539219497,98,15.12,108.8,21.42,1.21
552,deep river,20,CA,1539218340,93,46.1,-77.49,14,1
553,tamworth,75,AU,1539217800,59,-31.09,150.93,17,5.7
554,itaituba,12,BR,1539219498,83,-4.26,-55.99,26.82,1.31
555,brigantine,1,US,1539216000,93,39.41,-74.36,23.9,3.6
556,rio grande,0,BR,1539219498,83,-32.03,-52.1,15.25,7.46
557,sinegorye,44,RU,1539219483,91,62.09,150.53,-8.51,1.11
558,sioux lookout,90,CA,1539216000,92,50.1,-91.92,-2,3.1
559,akureyri,0,IS,1539216000,80,65.68,-18.09,2,1.5
560,malazgirt,20,TR,1539219499,92,39.15,42.54,5.32,1.11
561,san cristobal,75,EC,1539216000,62,-0.39,-78.55,14,5.1
562,cuauhtemoc,75,MX,1539214800,35,28.72,-111.63,31,5.1
563,geraldton,90,CA,1539218040,92,49.72,-86.95,-1,7.7
564,voh,12,NC,1539219500,94,-20.95,164.69,23.85,1.86
565,saint-francois,44,FR,1539217800,68,46.42,3.91,18,7.2
566,cabinda,56,AO,1539219501,100,-5.56,12.19,24.57,3.86
567,arequipa,40,PE,1539216000,28,-16.4,-71.54,14,4.1
568,bonfim,0,GY,1539219501,37,3.36,-59.84,31.5,3.21
569,jawhar,0,IN,1539219502,86,19.91,73.23,21.75,0.76
570,lucapa,48,AO,1539219502,94,-8.42,20.74,19.32,1.21
571,puerto ayacucho,40,CO,1539216000,83,5.66,-67.63,28,1.31
572,nivala,24,FI,1539219502,96,63.93,24.96,3.5,2.76
573,luoyang,0,CN,1539219502,49,34.66,112.42,8.77,2.81
574,jambi,48,ID,1539219503,99,-1.6,103.62,22.92,1.76
575,iralaya,20,HN,1539216000,66,15,-83.23,29,1
576,bath,44,GB,1539217200,93,51.38,-2.36,17,3.1
577,leirvik,0,NO,1539217200,93,59.78,5.5,11,4.1
578,giyani,0,ZA,1539219503,80,-23.32,30.73,16.57,1.26
580,necochea,0,AR,1539219504,67,-38.55,-58.74,8.77,4.36
581,agirish,92,RU,1539219504,94,61.92,63.02,1.02,2.66
582,campbell river,20,CA,1539216000,67,50.02,-125.24,14,1.5
583,shubarshi,0,KZ,1539219415,71,48.59,57.19,2.4,4.81
584,arman,68,RU,1539216000,60,59.7,150.17,4,2
585,yulara,92,AU,1539216000,41,-25.24,130.99,25,6.7
586,mayo,90,CA,1539216000,62,63.59,-135.9,0,4.1
587,chapel hill,90,US,1539219240,93,35.91,-79.06,24.5,2.1
589,tarime,24,TZ,1539219506,100,-1.35,34.38,16.8,1.96
590,yabrud,0,SY,1539216000,68,33.97,36.66,18,0.41
591,gizo,20,IL,1539217200,68,31.8,34.94,22,1
592,harnosand,0,SE,1539217200,100,62.63,17.94,5,2.1
593,sudislavl,0,RU,1539219507,88,57.88,41.71,5.25,7.11
594,oranjestad,20,AW,1539216000,78,12.52,-70.03,27,3.6
595,oktyabrskiy,40,RU,1539216000,81,55.61,37.97,10,4
596,alofi,75,NU,1539216000,83,-19.06,-169.92,28,5.1
597,sibu,75,MY,1539216000,88,2.29,111.83,26,3.1
598,borazjan,0,IR,1539219508,52,29.27,51.21,21.15,3.31
599,biltine,0,TD,1539219508,22,14.53,20.93,24.8,5.26
600,qingdao,0,CN,1539216000,62,36.09,120.35,12,1
601,shakawe,0,BW,1539219508,36,-18.36,21.84,14.75,2.16
602,ulladulla,75,AU,1539216000,71,-35.36,150.48,14,6.2
603,charters towers,12,AU,1539219509,67,-20.07,146.27,27.15,4.81
605,saint-georges,88,CA,1539219509,99,46.12,-70.67,7.27,3.31
606,shumyachi,32,RU,1539219509,88,53.86,32.43,4.67,1.31
607,chapais,90,CA,1539216240,96,49.78,-74.86,0,3.6
608,olga,1,US,1539215880,58,34.11,-118.17,22.8,4.1
609,san pedro,56,AR,1539219511,43,-33.68,-59.66,16.3,5.26
611,peniche,75,PT,1539217800,77,39.36,-9.38,20,6.2
612,tete,32,MZ,1539219251,70,-16.16,33.59,21.1,2.41
613,vardo,90,US,1539218400,83,39.62,-77.74,25.6,3.1
614,ponnani,40,IN,1539217800,83,10.77,75.93,24,1.5
615,bodden town,20,KY,1539216000,83,19.28,-81.25,29,2.1
617,flinders,75,AU,1539216000,71,-34.58,150.85,14,6.2
